{"r2": 0.5783177308617442, "mae": 32.50497895290712, "feature_importance": {"_type": "image-file", "path": "media/images/feature_importance_0_537df337.png", "sha256": "537df33742a2970b45bab3daa94d382ab97b6f63db8c437fdcab7b54d96d8236", "size": 33178, "format": "png", "width": 1000, "height": 1000}, "_runtime": 990, "_timestamp": 1633034930, "_step": 0}