{"r2": 0.5797862013400874, "mae": 32.28885293343857, "feature_importance": {"_type": "image-file", "path": "media/images/feature_importance_0_319abff3.png", "sha256": "319abff3ee1670af3009ea437e98067b1753856c741159274a4e2c31907c0d42", "size": 33181, "format": "png", "width": 1000, "height": 1000}, "_runtime": 626, "_timestamp": 1633054725, "_step": 0}