{"r2": 0.5300724947339726, "mae": 34.24566429886872, "feature_importance": {"_type": "image-file", "path": "media/images/feature_importance_0_b88369a2.png", "sha256": "b88369a2d9c428d519ae4073525c2755716a718a47e18c4aafd47dff767b211e", "size": 33240, "format": "png", "width": 1000, "height": 1000}, "_runtime": 125, "_timestamp": 1633029520, "_step": 0}