{"r2": 0.5788638206749359, "mae": 32.350159168639834, "feature_importance": {"_type": "image-file", "path": "media/images/feature_importance_0_d80baa58.png", "sha256": "d80baa5897fb933851d518c9494d732b41ced5009c80aa9556088a38f39f3160", "size": 33212, "format": "png", "width": 1000, "height": 1000}, "_runtime": 316, "_timestamp": 1633053638, "_step": 0}