{"r2": 0.578481798703756, "mae": 32.398167587476976, "feature_importance": {"_type": "image-file", "path": "media/images/feature_importance_0_49606fa2.png", "sha256": "49606fa22369ae9ad73026daf65542bfa8d3c2e2b960c36b1b4ad24f623ba371", "size": 33210, "format": "png", "width": 1000, "height": 1000}, "_runtime": 257, "_timestamp": 1633029784, "_step": 0}