{"r2": 0.5101635707527166, "mae": 35.00436990265719, "feature_importance": {"_type": "image-file", "path": "media/images/feature_importance_0_f4364b89.png", "sha256": "f4364b896e2e02ba1195ca8b0ae508bda51954a2a41ad7464927296881c8140c", "size": 33254, "format": "png", "width": 1000, "height": 1000}, "_runtime": 126, "_timestamp": 1633053316, "_step": 0}