{"r2": 0.57614938895191, "mae": 32.41620363062352, "feature_importance": {"_type": "image-file", "path": "media/images/feature_importance_0_5e8e7df6.png", "sha256": "5e8e7df665d46354399f7638d0a71b408c517558620a60ef13092c6c5454c284", "size": 33761, "format": "png", "width": 1000, "height": 1000}, "_runtime": 518, "_timestamp": 1633055589, "_step": 0}