{"r2": 0.4386486103985855, "mae": 37.96936332544067, "feature_importance": {"_type": "image-file", "path": "media/images/feature_importance_0_6342bdd5.png", "sha256": "6342bdd528455972e11f62bab4f404571df9fdea60d6b08a039e2f5c8e44e853", "size": 33251, "format": "png", "width": 1000, "height": 1000}, "_runtime": 98, "_timestamp": 1633032476, "_step": 0}