{"r2": 0.346973409772086, "mae": 41.278879242304654, "feature_importance": {"_type": "image-file", "path": "media/images/feature_importance_0_40b9e8e7.png", "sha256": "40b9e8e7a7a2c2152ba403fc4c35713aa2782a297d2f48e62c3bda786be26bf6", "size": 33777, "format": "png", "width": 1000, "height": 1000}, "_runtime": 125, "_timestamp": 1633057417, "_step": 0}