{"r2": 0.47189475691302074, "mae": 36.59082872928177, "feature_importance": {"_type": "image-file", "path": "media/images/feature_importance_0_5da6bee0.png", "sha256": "5da6bee034c9d51e80d5318ee05bb069fd6a8dee0088644b6e0f5a7d1ffd7c1d", "size": 33254, "format": "png", "width": 1000, "height": 1000}, "_runtime": 94, "_timestamp": 1633030805, "_step": 0}