{"r2": 0.5821059978274041, "mae": 32.22451460142068, "feature_importance": {"_type": "image-file", "path": "media/images/feature_importance_0_2a9451b2.png", "sha256": "2a9451b22a7ab16b958459ac3ce28d69d1c0c7b3e74464da391a8498032d73ba", "size": 33736, "format": "png", "width": 1000, "height": 1000}, "_runtime": 450, "_timestamp": 1633054094, "_step": 0}