{"r2": 0.5788969571474747, "mae": 32.346456195737964, "feature_importance": {"_type": "image-file", "path": "media/images/feature_importance_0_efbdcf38.png", "sha256": "efbdcf384950740a4d5c6a068128c27f388eaf70082ae4da9270cac8a4b97b23", "size": 33745, "format": "png", "width": 1000, "height": 1000}, "_runtime": 704, "_timestamp": 1633056300, "_step": 0}